place_id,place_name,description,weekend_holiday_price,weekday_price,category,city,rating,alamat,lat,lng,thumbnail_url,maps_url,more_information
1,Agrowisata Satria,Agrowisata Satria menawarkan 'rasa' Bali pada setiap sesapan teh dan kopi di tengah perkebunan yang asri.Satria Agrowisata merupakan Kebun kopi seluas lima hektare yang membudidayakan kopi berjenis arabika dan robusta. Kopi-kopi yang dibudidayakan di sini bisa langsung diminum oleh pengunjung.Satria Agrowisata selain menyediakan kopi robusta dan arabika juga menyediakan kopi luwak dan aneka jenis kopi lainnya. Luwak memang dipelihara di tempat ini. Wisatawan dapat melihat luwak di dalam kandang.,50000,50000,Agrowisata,Gianyar,3," Manukaya, Kec. Tampaksiring, Kabupaten Gianyar, Bali 80552",-8.54862,115.2603,https://storage.googleapis.com/gambara/Balimate/1.%20Agrowisata%20Satria%20(1).jpg,https://www.google.com/maps/search/?api=1&query=Satria+Agrowisata+Ubud,
2,Agung Bali,"Dapatkan berbagai produk oleh-oleh khas Bali berupa baju vip, camilan, handycraft dan lain-lain.Agung Bali memberikan nuansa baru dalam belanja oleh-oleh, kalau dulu sebelum ada toko modern sebagai pusat oleh-oleh Bali, maka tempat yang populer dikunjungi wisatawan adalah pasar seni Sukawati, sehingga terkadang tempat parkirpun agak susah, sekarang semua tempat tersebut menjadi lebih leluasa, karena pembeli mulai terbagi.",0,0,Belanja,Badung,4,"Jln. Dewi Sri No.18XX, Kuta, Badung, Bali",-8.70023,115.1765,https://storage.googleapis.com/gambara/Balimate/2.%20Agung%20Bali%20(1).jpg,https://www.google.com/maps/search/?api=1&query=Agung+Bali+Kuta,https://oleholehagungbali.com/
3,Wisata Air Panas Toya Bungkah,"Pemandian air panas di dekat gunung Batur (Pemandian Air Panas Batur) di Bali merupakan keseluruhan kompleks waduk. Air di dalamnya memanas hingga 50 derajat, mengandung banyak mineral dan belerang, dan memiliki khasiat penyembuhan.Berada di Batur Natura Hot Spring anda bisa menyegarkan tubuh juga menrefresh pikiran anda, melepaskan segala penat, menenggelamkan kejenuhan, sehingga menambah kesegaran tubuh untuk aktifitas berikutnya.Dari sekian banyak objek wisata pemandian air panas, maka Batur Natural Hot Spring menjadi tempat spesial untuk mengisi aktivitas liburan anda bersama keluarga, anak-anak ataupun pasangan terkasih anda.Pemandian air panas alam Batur Natural hot spring Toya Bungkah ini bersuhu sekitar 38-39 °C, keluar dari perut bumi di yang diperkirakan berasal dari energi panas Gunung Batur yang merupakan gunung berapi yang masih aktif.",100000,100000,Alam,Bangli,4,"Batur Tengah, Kec. Kintamani, Kabupaten Bangli, Bali",-8.25001,115.3978,https://storage.googleapis.com/gambara/Balimate/3.%20Wisata%20Air%20Panas%20Toya%20Bungkah%20(1).jpg,https://www.google.com/maps/search/?api=1&query=Wisata+Air+Panas+Toya+Bungkah+Mount+Batur,
4,Air Terjun Aling-Aling,"Keberadaan air terjun ini semakin mempercantik wisata alam yang terdapat di pulau dewata Bali. Popularitas air terjun satu ini memang masih kalah bila dibandingkan air terjun git-git maupun air terjun sekumpul. Walau demikian, keindahan alam yang ada di air terjun aling aling ini tak kalah juga lo.Dengan ketinggian air terjun kurang lebih 35 kilometer, sehingga tak heran bila guyuran air dari air terjun ini sangat deras dan menghujam menuju ke kolam air yang ada di bawahnya. Dikeliling oleh sejumlah tebing tinggi disekeliling air terjun, kecantikan aling-aling tidak kalah indah dalam menampilkan pesonanya.",20000,20000,Alam,Buleleng,4.5,"Jl. Raya Desa Sambangan, Banjar, Sambangan, Kec. Sukasada, Kabupaten Buleleng, Bali 81161",-8.17674,115.1061,https://storage.googleapis.com/gambara/Balimate/4.%20Air%20Terjun%20Aling-Aling%20(1).jpg,https://www.google.com/maps/search/?api=1&query=Aling-Aling+Waterfall+Jumping,
5,Air Terjun Tegenungan,"Bosan dengan wisata alam pantai dan ingin menikmati suasana alam yang berbeda, Air Terjun Tegenungan jawabannya. Tempat rekreasi alam air terjun di Gianyar ini, mudah dijangkau, pesona alam yang ditawakan indah dan menarik.Berada di kawasan air terjun sangat sejuk karena dilingkupi dengan pepohonan yang rindang. Mulai dari semak-semak, pohon bercabang, dan tak lupa pohon kelapa turut meramaikan suasana. Kombinasi warna hijau dengan jernihnya air terjun menjadi pemandangan yang sempurna.Untuk menuju air terjun, pengunjung harus menuruni ratusan anak tangga. Tidak perlu khawatir karena kondisi tangga sudah sangat baik dan sudah memiliki pengaman. Sebelum mencapai air terjun, ada sebuah tempat berbentuk seperti balkon yang menjorok ke air terjun. Pengunjung dapat berfoto di sini, dengan latar belakang air terjun.",20000,20000,Alam,Gianyar,4,"Jl. Ir. Sutami, Kemenuh, Kec. Sukawati, Kabupaten Gianyar, Bali 80581",-8.57536,115.289,https://storage.googleapis.com/gambara/Balimate/5.%20Air%20Terjun%20Tegenungan%20(1).jpg,https://www.google.com/maps/search/?api=1&query=Air+Terjun+Tegenungan,
6,Air Terjun Tukad Cepung,"Salah satu air terjun yang berbeda dari air terjun lain di Bali adalah Tukad Cepung. Dikatakan berbeda karena air terjunnya tidak terbuka, melainkan berada di dalam goa. Di sekitar air terjun pun seolah belum pernah terjamah oleh manusia. Karena batuan dan tanaman yang ada begitu lebat dan orisinil.Pesona alam indah yang ditawarkan air terjun Tukad Cepung, lambat laun mulai populer, seiring waktu banyak wisatawan yang liburan ke Bali mengemas acara tour ke tempat pariwisata ini.Perjalanan menyusuri jalan setapak menuju air terjun Tukad Cepung Bangli sangat menyenangkan, nuansa alam sepanjang perjalanan cukup asri dalam balutan alam berhawa sejuk, sejumlah titik anda bisa menyaksikan aliran air yang sangat jernih dan menggoda.",15000,15000,Alam,Bangli,4.5,"Jl. Tembuku, Tembuku, Kec. Tembuku, Kabupaten Bangli, Bali 80671",-8.44102,115.3868,https://storage.googleapis.com/gambara/Balimate/6.%20Air%20Terjun%20Tukad%20Cepung%20(1).jpg,https://www.google.com/maps/search/?api=1&query=Air+Terjun+Tukad+Cepung,
7,Aloha Ubud Swing,"Ajaklah orang-orang tercinta untuk mencoba ayunan tandem swing yang seru sekaligus menyenangkan, atau jika Anda ingin merasakan sensasi terbang tinggi sendiri, cobalah single swing yang mengayun tinggi hingga 60 meter di atas tanah.Tidak hanya menikmati keseruan bermain ayunan saja,  pengunjung berkesempatan untuk menikmati berbagai spot menarik lainnya. Tentu akan sangat menarik mengeksplorasi tempat wisata yang memiliki latar belakang pemandangan alam Ubud yang indah. ",300000,300000,Agrowisata,Gianyar,5,"Jl. Raya Tegallalang, Tegallalang, Kec. Tegallalang, Kabupaten Gianyar, Bali 80561",-8.46391,115.2765,https://storage.googleapis.com/gambara/Balimate/7.%20Aloha%20Ubud%20Swing%20(1).jpg,https://www.google.com/maps/search/?api=1&query=Aloha+Ubud+Swing,
8,Bali Bird Park,"Atraksi wisata sekaligus tempat penangkaran berbagai jenis spesies burung di Indonesia maupun mancanegara. Selain menampilkan kehidupan alami berbagai jenis burung, bermacam-macam fasilitas dan program spesial diselenggarakan dengan fungsi mendidik dan penangkaran.Pengunjung bisa menikmati beberapa kawasan hingga serasa melintasi wilayah Indonesia, Amerika Latin, Afrika hingga Australia. Setiap zonasi akan memamerkan burung maupun tanaman-tanaman khasnya.",140000,140000,Cagar Alam,Gianyar,4.5,"Jl. Serma Cok Ngurah Gambir Singapadu, Batubulan, Gianyar 80582 Indonesia",-8.59985,115.2523,https://storage.googleapis.com/gambara/Balimate/8.%20Bali%20Bird%20Park%20(1).jpg,https://www.google.com/maps/search/?api=1&query=Bali+Bird+Park,
9,Handara Iconic Gate,"Gapura indah yang berada di sebelah Pura Ulun Danu Beratan. Gerbang ini salah satu ikon foto paling mengesankan bagi para wisatawan. Dengan kombinasi gerbang kuno dengan perbukitan dan lapangan golf hijau menjadikan gerbang ini menjadi tempat wisata yang wajib dikunjungi.Sekarang ini Bali Handara Gate ini ckup populer, setiap harinya selalu saja ada pengunjung yang datang dengan tujuan foto selfie, latar belakang alam yang hijau, menampilkan taman cantik dan rumput yang hijau yang tertata rapi, memang terlihat instagramable, selain itu kawasan ini terasa sejuk karena berada pada ketinggian 1.142 mdpl, jadi tidak perlu khawatir akan teriknya matahari. Jika anda adalah orang yang suka dengan wisata photo selfie atau hunting tempat-tempat instagramable di Bali, maka Gapura di Bali Handara ini akan menjadi tujuan yang ideal.",20000,20000,Budaya,Buleleng,3.5,"Jl. Raya Singaraja-Denpasar, Pancasari, Kec. Sukasada, Kabupaten Buleleng, Bali 81161",-8.2531,115.1583,https://storage.googleapis.com/gambara/Balimate/9.%20Handara%20Iconic%20Gate%20(1).jpg,https://www.google.com/maps/search/?api=1&query=Handara+Iconic+Gate,
10,Bali Swing,"Bali Swing Tegalalang yang menggantung di antara dua pohon palem ini terletak di desa Tegalalang, utara Ubud, Gianyar, Bali. Ayunan ini menghadap ke pemandangan indah yang tak lain adalah petak-petak teras sawah dan selalu ramai dikunjungi wisatawan. Saat ini Bali Swing menjadi destinasi wisata yang menjadi sorotan karena keunggulan dan keunikannya. Jika Anda sedang merencanakan liburan bersama keluarga mengunjungi tempat ini akan sangat direkomendasikan.Bali Swing mengusung sebuah konsep alam sebagai latar belakang pemandangannya. Saat kamu masuk ke dalam, kamu akan merasakan nuansa yang asri dan sejuk. Hal tersebut bisa dirasakan lantaran sisi kanan dan kirinya dipenuhi dengan pepohonan rindang yang belum terjamah.",500000,500000,Rekreasi,Badung,4.5,"Jl. Dewi Saraswati No.7, Bongkasa Pertiwi, Kec. Abiansemal, Kabupaten Badung, Bali 80352",-8.48888,115.2399,https://storage.googleapis.com/gambara/Balimate/10.%20Bali%20Swing%20(1).jpg,https://www.google.com/maps/search/?api=1&query=Bali+Swing+Saraswati,
11,Batik Koleksi Sari Amerta,"Merupakan toko batik yang berlokasi di Kabupaten Gianyar. Toko batik ini menawarkan berbagai macam jenis kain dan motif batik khas Indonesia dan berbagai daerah di Provinsi Bali. Batik untuk pria dan wanita tersedia disini dengan berbagai jenis seperti batik formal, batik lengan panjang dan pendek, casual, baik tradisional dan batik modern, batik tulis, sogan, batik couple dan lainnya",0,0,Budaya,Gianyar,3.5,"Jl. Raya Batubulan No.9, Batubulan, Kec. Sukawati, Kabupaten Gianyar, Bali 80237",-8.6309,115.2598,https://storage.googleapis.com/gambara/Balimate/11.%20Batik%20Koleksi%20Sari%20Amerta%20(1).jpg,https://www.google.com/maps/search/?api=1&query=Sari+Amerta+Batubulan,https://www.gustibali.com/sari-amerta-batik/
12,Big Garden Corner,"Objek wisata Big Garden Corner Sanur adalah sebuah galeri seni batu dan taman patung, namun nuansanya sangat berbeda dengan galeri patung yang lain karena banyak ragam patung yang ada.Taman ini menyajikan ratusan koleksi patung batu besar dan kecil.Patung yang dipajang adalah jenis patung klasik tidak ada patung modern, termasuk juga patung Budha, terlihat seperti galeri seni dalam sebuah taman terbuka, semua ditata dengan sangat baik memperhatikan segala detailnya. Selain untuk refreshing, wisata foto selfie di tengah kota menjadi tempat ideal.Semua patung di kawasan ini tidak hanya sebagai barang pajangan saja, tetapi jika pengunjung berminat bisa membelinya. Jika anda mengenal rumah pohon di Karangasem desa Batudawa ataupun Temega, di kawasan Big Garden Corner juga terdapat rumah pohon.",35000,30000,Agrowisata,Denpasar,4,"Jl. By Pas Ngurah Rai, Sanur, Denpasar 80237 Indonesia",-8.65675,115.2533,https://storage.googleapis.com/gambara/Balimate/12.%20Big%20Garden%20Corner%20(1).jpg,https://www.google.com/maps/search/?api=1&query=Big+Garden+Corner,
13,Bukit Wanagiri,"Wanagiri Hidden Hills memiliki pesona keindahan yang luar biasa yang membuat siapapun yang melihatnya akan terkagum dan langsung jatuh cinta. Lukisan pemandangan alam yang cantik dengan background dataran tinggi pegunungan, pepohonan hijau nan asri serta di lengkapi oleh view danau yang terlihat jelas dari Puncak Wanagiri Hills. Nuansa puncak bukit yang sejuk dengan panorama alam bawah danau serta perbukitan di sekitarnya, menjadi lokasi menarik untuk diabadikan, apalagi warga setempat sangat kreatif mendesain kawasan rekreasi ini menjadi sebuah tempat foto selfie yang sekarang trend dan lagi hits.Berkunjung ke objek wisata di Buleleng Bali ini menjadi pengalaman baru dalam aktivitas liburan anda bersama pasangan tercinta ataupun bersama rekan atau keluarga. ",50000,50000,Alam,Buleleng,4.5,"Jalan Munduk - Wanagiri, Wanagiri, Sukasada, Pancasari, Kec. Sukasada, Kabupaten Buleleng, Bali",-8.23714,115.1417,https://storage.googleapis.com/gambara/Balimate/13.%20Bukit%20Wanagiri%20(1).jpg,https://www.google.com/maps/search/?api=1&query=Puncak+Wanagiri+Pancasari,
14,Campuhan Ridge Walk,"Campuhan Ridge Walk adalah sebuah trek jogging di sekitar perbukitan Campuhan, Bali. Pemandangan pegunungan dan perbukitan yang sangat asri dapat Anda lihat di kanan dan kiri jalur setapak. Lembah, rumput hijau, dan sungai yang berada di pinggiran jalan setapak ini membuat sebuah pemandangan indah nan istimewa.",0,0,Agrowisata,Gianyar,4.5,"Jl. Raya Campuhan, Ubud 80571 Indonesia",-8.50358,115.2548,https://storage.googleapis.com/gambara/Balimate/14.%20Campuhan%20Ridge%20Walk%20(1).jpg,https://www.google.com/maps/search/?api=1&query=Campuhan+Ridge+Walk,https://www.dewata.id/bukit-campuhan-ubud/
15,Danau Batur,"Danau Batur merupakan danau kawah yang berlokasi Kabupaten Bangli. Lokasinya berada di dalam kaldera gunung berapi aktif, Gunung Batur namanya. Danau Batur menawarkan pemandangan danau dengan air yang berwarna hijau kebiru-biruan. Danau Batur terlihat begitu cantik berpadu serasi dengan keberadaan gunung Batur dan bukit hijau yang mengelilinginya, keindahan tersebut bisa anda saksikan lebih maksimal ketika anda berada di desa Penelokan.",15000,15000,Alam,Bangli,4,"Songan B, Kec. Kintamani, Kabupaten Bangli, Bali",-8.25882,115.4082,https://storage.googleapis.com/gambara/Balimate/15.%20Danau%20Batur%20(1).jpg,https://www.google.com/maps/search/?api=1&query=Danau+Batur,
16,Danau Beratan Bedugul,"Danau Beratan Bedugul merupakan sebuah danau yang berada di Bali yang dikelilingi oleh bukit dan memiliki udara sejuk. Danau Beratan berada di kawasan Bedugul yang terletak di dataran tinggi dan alamnya masih asri.Nama danau ini aslinya bukan danau Bedugul, melainkan danau Beratan / Bratan. Namun karena masuk wilayah kawasan objek wisata Bedugul, maka banyak wisatawan lebih familiar menyebut nama danau Beratan / Bratan dengan nama danau Bedugul.",30000,30000,Alam,Tabanan,4.5,"Kec. Baturiti, Kabupaten Tabanan, Bali",-8.27518,115.1668,https://storage.googleapis.com/gambara/Balimate/16.%20Danau%20Beratan%20Bedugul%20(1).jpg,https://www.google.com/maps/search/?api=1&query=Danau+Beratan+Baturiti,
17,Danau Tamblingan,"Danau Tamblingan merupakan danau dengan keindahan yang memikat. Danau Tamblingan ini hampir sama dengan Danau Beratan, namun Danau Tamblingan dikelilingi oleh hutan dan udara yang sejuk. Dengan nuansa spiritual dan alam yang menyatu membuat Danau Tamblingan pantas untuk dikunjungi. Kamu akan mendapatkan suasana yang tenang, sejuk yang datang dari pepohonan dan akan jauh dari kebisingan.Danau tamblingan yang dingin di malam hari, selalu basah dari embun dedaunan pohon – sangat mendukung suasana alami di Danau tamblingan. Hal ini juga yang menjadi alasan bagi para wisatawan asing untuk menikmati keindahan alam secara langsung di danau tamblingan.",10000,10000,Alam,Buleleng,4.5,"Banjar Dinas Tamblingan desa Munduk, Kecamatan Banjar Kabupaten Buleleng",-8.25706,115.097,https://storage.googleapis.com/gambara/Balimate/17.%20Danau%20Tamblingan%20(1).jpg,https://www.google.com/maps/search/?api=1&query=Danau+Tamblingan,
18,Desa Budaya Kertalangu,"Desa Budaya Kertalangu melestarikan konsep budaya tempo dulu agar tidak punah, seperti tawaran makanan tradisional, jamu serta berbagai jenis ramuan tradisional. Desa budaya Kertalangu, akan memberikan pengalaman liburan baru di sebuah kota yang padat penduduk.Ketika memasuki Desa Budaya Kertalangu wisatawan akan disambut dengan sajian pemandangan alam yang tampak hijau dan alami berupa persawahan dan kebun-kebun hijau yang subur. Keistimewaan dari Desa Budaya Kertalangu ini adalah di dalam desa ini terdapat tugu perdamaian dunia. Tugu ini dibuat oleh negara-negara independen yang begitu mendukung adanya perdamaian di dunia. Di tugu ini juga terdapat 9 simbol agama yang ada di dunia.",10000,10000,Budaya,Denpasar,4.5,"Jl. Bypass Ngurah Rai No.88, Kesiman Kertalangu, Kec. Denpasar Tim., Kota Denpasar, Bali 80237",-8.64224,115.2563,https://storage.googleapis.com/gambara/Balimate/18.%20Desa%20Budaya%20Kertalangu%20(1).jpg,https://www.google.com/maps/search/?api=1&query=Desa+Budaya+Kertalangu,
19,Desa Celuk,"Celuk adalah sebuah desa dengan hasil produksi seni kerajinan perak yang tersohor, sehingga menjadi objek wisata identik sebagai penghasil perak terkenal di pulau Bali tidak itu juga diproduksi juga kerajinan emas, bahkan sampai ke mancanegara.Mereka yang bertandang tak hanya bisa membeli, tapi juga bisa terlibat langsung dalam pembuatan perhiasan cantik tersebut. Bagi mereka yang penasaran mengagumi keindahan kerajinan perhiasan, ada baiknya berkunjung ke desa ini.",0,0,Budaya,Gianyar,3.5,"Jalan Raya Celuk, Sukawati 80582 Indonesia",-8.60175,115.2734,https://storage.googleapis.com/gambara/Balimate/19.%20Desa%20Celuk%20(1).jpg,https://www.google.com/maps/search/?api=1&query=Desa+Celuk,https://www.baliraftingtours.com/celuk-village.php#:~:text=No%20entrance%20fee%20required%20to%20visit%20Celuk%20Villages.
20,Desa Tohpati,"Desa Tohpati terkenal akan produksi batik khas Bali dimana motifnya mempertahankan ciri tradisional  dengan menampilkan rusa, naga, kura-kura atau burung. Kearifan penduduk lokal yang mempertahan karya seni batik dengan adanya butik, toko, art shop hingga workshop membatik.Pada kunjungan pertama Anda ke home industri batik, Anda pasti akan mengalami rangsangan yang luar biasa dari indra - karena banyak warna, pola dan bau sebenarnya batik. Hanya melalui kunjungan berulang dan sedikit studi akan jenis desain dan asal-usul mereka menjadi jelas.",0,0,Budaya,Denpasar,4,"Jl. WR Supratman No.343, Kesiman Kertalangu, Kec. Denpasar Tim., Kota Denpasar, Bali 80237",-8.63491,115.2549,https://storage.googleapis.com/gambara/Balimate/20.%20Desa%20Tohpati%20(1).jpg,https://www.google.com/maps/search/?api=1&query=Bali+Bidadari+Batik,https://www.balifulldaytour.com/tohpati-village.php
21,Galeri Seni Semar Kuning,Semar Kuning Artist Cooperative merupakan sebuah tempat yang memang dirancang khusus untuk mengumpulkan seniman-seniman dari Bali yang hasil karya yang dapat dinikmati oleh para wisatawan.Ada banyak karya dari sekelompok seniman Bali. Tak heran jika seni Semar Kuning menjadi salah satu galeri yang paling banyak dikunjungi wisatawan di Ubud.Rata-rata pengunjung ditempat ini merupakan para seniman yang sedang menambah pengetahuan lebih jauh tentang lukisan khas yang diciptakan oleh para seniman Bali. Di tempat tersebut beragam lukisan tersaji dan sangat memanjakan mata para pengunjung. Harga sebuah lukisan ditempat tersebut memang sedikit lebih mahal bila dibandingkan dengan penjual lukisan yang ada di Bali akan tetapi bila Anda melihat lukisan yang tersaji Anda pasti akan membelinya karena lukisannya sangat eksklusif.,0,0,Belanja,Gianyar,4.5,"Jl. A.A. Gede Rai No.8, Lodtunduh, Kecamatan Ubud, Kabupaten Gianyar, Bali 80571",-8.54318,115.2619,https://storage.googleapis.com/gambara/Balimate/21.%20Galeri%20Seni%20Semar%20Kuning%20(1).jpg,https://www.google.com/maps/search/?api=1&query=Semar+Kuning+Gallery,https://funnybackpacker.com/semar-kuning-art-gallery-bali/
22,Garuda Wisnu Kencana,"Patung Garuda Wisnu Kencana menjadi ikon pariwisata Bali karena patung GWK memiliki tinggi 121 meter, dengan lebar patung 64 meter. Jika di bandingkan dengan tinggi patung Liberty di Amerika, yang hanya 93 meter, maka patung GWK Bali lebih tinggi 28 meter. Desain dari patung Garuda Wisnu Kencana, menggambarkan dewa Wisnu menaiki kendaraan yang berupa burung Garuda serta terdapat lapisan emas yang merupakan unsur kencana.",80000,70000,Budaya,Badung,3.5,"Jl. Raya Uluwatu, Ungasan, Kec. Kuta Sel., Kabupaten Badung, Bali 80364",-8.81042,115.1676,https://storage.googleapis.com/gambara/Balimate/22.%20Garuda%20Wisnu%20Kencana%20(1).jpg,https://www.google.com/maps/search/?api=1&query=Garuda+Wisnu+Kencana+Cultural+Park,
23,Goa Gajah,"Objek wisata Goa Gajah, sejatinya adalah peninggalan sejarah, seperti namanya berbentuk sebuah goa di sebuah areal pura, sehingga dikenal dengan nama Pura Goa Gajah.Objek wisata Goa Gajah, sejatinya adalah peninggalan sejarah, seperti namanya berbentuk sebuah goa di sebuah areal pura, sehingga dikenal dengan nama Pura Goa Gajah.Jarak Goa Gajah dari Denpasar, Bali sekitar 25 kilometer, dengan kisaran waktu tempuh 1 jam perjalanan. Nggak perlu ngebut ya, nikmati saja panorama yang tersaji selama di perjalanan.",30000,30000,Religius,Gianyar,3.5,"Jalan Raya Goa Gajah No.99 Kemenuh Sukawati, Pejeng Kawan, Kec. Tampaksiring, Kabupaten Gianyar, Bali 80582",-8.52344,115.2872,https://storage.googleapis.com/gambara/Balimate/23.%20Goa%20Gajah%20(1).jpg,https://www.google.com/maps/search/?api=1&query=Goa+Gajah,
24,Gunung Agung,"Gunung Agung merupakan gunung tertinggi yang berada di Bali. Predikat ini adalah hal utama yang membuat banyak para petualang dan pendaki gunung, semakin penasaran dengan gunung tertinggi di Bali ini.Berada di ketinggian diatas 3000 meter sudah pasti bisa melihat alam Bali dan daerah sekitar secara sempurna. Dilansir dari laman Panduan Wisata Bali, pengunjung tak hanya dibius oleh pemandangan alam di sekitar Gunung Agung yang eksotis, juga Gunung Rinjani yang terletak di Pulau Lombok bisa terlihat dari puncak gunung yang terkenal ini.Selain Rinjani, keindahan gugusan Kepulauan Nusa Penida bisa ikut dinikmati dari puncak gunung. Begitu juga dengan Pantai Sanur serta Gunung dan Danau Batur yang bisa dinikmati dan dipandangi sepuasnya dari daerah tertinggi Gunung Agung.",25000,25000,Alam,Karangasem,4.5,"kecamatan Rendang, Kabupaten Karangasem, Bali, Indonesia",-8.34331,115.5071,https://storage.googleapis.com/gambara/Balimate/24.%20Gunung%20Agung%20(1).jpg,https://www.google.com/maps/search/?api=1&query=Gunung+Agung,
25,Gunung Batur,"Gunung Batur merupakan gunung yang memiliki kaldera yang sangat luas dan bisa dikatakan kaldera gunung purba. Selain itu gunung yang masih aktif ini pernah meletus ribuan tahun lalu hingga melahirkan Anak Gunung Batur serta Danau Batur.Udara sejuk daerah pegunungan, serta adanya kolam air panas alami yang lokasinya berdekatan, menambah minat wisatawan untuk berlibur ke objek wisata gunung berapi Kintamani Bali.Pendakian Gunung berapi Kintamani rata-rata memakan waktu sekitar tiga jam. Saran kami jika anda ingin mendaki mount Batur, sebaiknya anda di temani pemandu yang mengenal seluk beluk rute pendakian.",15000,15000,Alam,Bangli,4.5,"Kecamatan Kintamani, Kabupaten Bangli, Bali, Indonesia",-8.24013,115.3775,https://storage.googleapis.com/gambara/Balimate/25.%20Gunung%20Batur%20(1).jpg,https://www.google.com/maps/search/?api=1&query=Gunung+Batur,
26,Istana Air Taman Ujung,"Tahun 1963, Taman Ujung di Kabupaten Karangasem, Bali pernah hancur lantaran letusan Gunung Agung. Sempat terbengkalai, sampai akhirnya tahun 2003 wisatawan dapat menikmati kembali keindahan Taman Ujung. Taman Ujung merupakan taman peristirahatan yang dibangun pada 1909 di bawah pemerintahan Raja Karangasem.",10000,10000,Religius,Karangasem,4.5,"Taman Ujung, Br. Dinas, Tumbu, Kec. Karangasem, Kabupaten Karangasem, Bali 80811",-8.46308,115.6307,https://storage.googleapis.com/gambara/Balimate/26.%20Istana%20Air%20Taman%20Ujung%20(1).jpg,https://www.google.com/maps/search/?api=1&query=Istana+Air+Taman+Ujung,
27,Istana Puri Saren,Puri Ubud atau biasa disebut Puri Saren Agung adalah tempat tinggal dari Raja Ubud (Tjokorde Gede Agung Sukawati). Wisata ini menawarkan keindahan pura serta setiap malam diadakan pentas kesenian tari seperti tari Barong Ubud.,0,0,Religius,Gianyar,3.5,"Jl. Raya Ubud No.8, Ubud, Kecamatan Ubud, Kabupaten Gianyar, Bali 80571",-8.50672,115.2627,https://storage.googleapis.com/gambara/Balimate/27.%20Istana%20Puri%20Saren%20(1).jpg,https://www.google.com/maps/search/?api=1&query=Istana+Ubud,
28,Jatiluwih Green Land,"Nominasi untuk penunjukan sebagai situs Warisan Dunia UNESCO, Jatiluwih menawarkan pemandangan indah sawah irigasi berkontur menggunakan sistem air komunal mengesankan dikembangkan oleh petani Bali.",40000,40000,Agrowisata,Tabanan,4.5,"Jl. Jatiluwih Kawan No.Desa, Jatiluwih, Kec. Penebel, Kabupaten Tabanan, Bali 82152",-8.34922,115.1118,https://storage.googleapis.com/gambara/Balimate/28.%20Jatiluwih%20Green%20Land%20(1).jpg,https://www.google.com/maps/search/?api=1&query=Jatiluwih+Green+Land,
29,Pantai Jimbaran,"Pantai Jimbaran Bali adalah salah satu pantai pasir putih di pulau Bali yang sangat terkenal. Tekstur pasirnya halus dan berwarna putih ke kuning-kuningan. Selain itu, banyak resort dan villa mewah berada dekat dengan garis pantai. Pantai Jimbaran juga menjadi salah satu incaran bagi para pelancong yang senang berburu sunset. Pemandangan laut saat matahari terbenam di tempat ini sangat indah dan sayang untuk dilewatkan. Pemandangan dan suasana pantai dapat dinikmati hingga malam hari. Jika lelah, ada banyak penginapan di sekitar pantai untuk beristirahat.",0,0,Pantai,Badung,4,"Kecamatan Kuta selatan, kabupaten Badung, Provinsi Bali",-8.77659,115.1664,https://storage.googleapis.com/gambara/Balimate/29.%20Pantai%20Jimbaran%20(1).jpg,https://www.google.com/maps/search/?api=1&query=Pantai+Jimbaran,
30,Pabrik Kata-Kata Joger,"Bali Joger terkenal di kalangan wisatawan sebagai tempat membeli oleh - oleh khas Pulau Bali. Selain keunikan kata -  kata, produk Joger asli hanya dapat dibeli di toko Joger yang hanya ada di Pulau Bali.",0,0,Belanja,Badung,4,"Jl. Raya Kuta, Kuta, Kec. Kuta, Kabupaten Badung, Bali 80361",-8.72738,115.1771,https://storage.googleapis.com/gambara/Balimate/30.%20Pabrik%20Kata-Kata%20Joger%20(1).jpg,https://www.google.com/maps/search/?api=1&query=Pabrik+Kata-Kata+Joger,
31,Kintamani Highland,Kintamani merupakan salah satu kawasan wisata sangat terkenal di kabupaten Bangli. Merupakan daerah pegunungan sehingga menawarkan lokasi wisata yang memiliki hawa atau udara yang sejuk.,25000,25000,Alam,Bangli,4,"Jl. Raya Penelokan, Batur, Bangli, Kintamani 80518 Indonesia",-8.25909,115.3374,https://storage.googleapis.com/gambara/Balimate/31.%20Kintamani%20Highland%20(1).jpg,https://www.google.com/maps/search/?api=1&query=Kintamani+Highland,
32,Krisna Oleh Oleh,"Toko yang menawarkan berbagai produk ciri khas Bali yang menarik berupa beranekaragam bentuk design T-Shirt kartun tentang Bali yang diproduksi sendiri, unik, lucu dan menarik yang tidak ada ditempat lain. Selain itu di Krisna juga terdapat cemilan, kerajinan tangan, bed cover, pernak pernik, tas kreasi, perak, lukisan, seni pahat, anyaman dan masih banyak produk-produk hasil karya para pengrajin Bali yang tidak kalah bagusnya.",0,0,Belanja,Buleleng,4,"Jl. Seririt- Singaraja, Temukus, Kec. Banjar, Kabupaten Buleleng, Bali 81152",-8.17876,114.9942,https://storage.googleapis.com/gambara/Balimate/32.%20Krisna%20Oleh%20Oleh%20(1).jpg,https://www.google.com/maps/search/?api=1&query=Krisna+Oleh%2Doleh+Buleleng,
33,Monkey Forest Ubud,"Mandala Suci Wenara Wana atau disebut juga Monkey Forest Ubud merupakan sebuah tempat cagar alam dan kompleks candi yang terletak di desa Padangtegal Ubud, Bali. Di tempat ini mempunyai kurang lebih 749 ekor monyet ekor panjang.",60000,60000,Cagar Alam,Gianyar,4,"Jl. Monkey Forest, Ubud, Kecamatan Ubud, Kabupaten Gianyar, Bali 80571",-8.51937,115.2606,https://storage.googleapis.com/gambara/Balimate/33.%20Monkey%20Forest%20Ubud%20(1).jpg,https://www.google.com/maps/search/?api=1&query=Mandala+Suci+Wenara+Wana,
34,Monumen Bajra Sandhi,Monumen Bajra Sandhi dibangun pada 1987. Monumen mengesankan ini mempunyai nama lain yaitu Monumen Perjuangan Rakyat Bali. Monumen ini menempati area yang sangat luas dengan pepohonan dan tanaman hias  mengelilinginya.,25000,25000,Budaya,Denpasar,4," Jl. Raya Puputan No.142, Panjer, Denpasar Selatan, Kota Denpasar, Bali 80234",-8.67173,115.2339,https://storage.googleapis.com/gambara/Balimate/34.%20Monumen%20Bajra%20Sandhi%20(1).jpg,https://www.google.com/maps/search/?api=1&query=Monumen+Bajra+Sandhi,
35,Desa Wisata Penglipuran,"Desa adat Penglipuran merupakan sebuah komplek pemukiman penduduk yang ramah lingkungan, bangunan-bangunan tertata rapi dibangun di atas luas lahan yang sama, pintu utama (angku-angkul) berbentuk sama dan simetris, suasana perkampungan yang unik dan indah.",25000,25000,Budaya,Bangli,4.5,"Jl. Desa Wisata Penglipuran, Kubu, Kec. Bangli, Kabupaten Bangli, Bali 80611",-8.42225,115.3593,https://storage.googleapis.com/gambara/Balimate/35.%20Desa%20Wisata%20Penglipuran%20(1).jpg,https://www.google.com/maps/search/?api=1&query=Desa+Penglipuran+Tourist+Destination,
36,Pantai Angel's Billabong,"Billabong adalah istilah Australia yang biasanya mengacu pada kolam terpencil yang ditinggalkan setelah aliran sungai berubah. Di sini, ini adalah kolam alami yang tertanam di tebing. Itu diisi dengan air jernih saat air pasang. Dan kolam alami muncul saat air surut.",10000,10000,Pantai,Klungkung,4,"Sakti, Kec. Nusa Penida, Kabupaten Klungkung, Bali",-8.7335,115.449,https://storage.googleapis.com/gambara/Balimate/36.%20Pantai%20Angel's%20Billabong%20(1).jpg,https://www.google.com/maps/search/?api=1&query=Pantai+Angel%27s+Billabong,
37,Pantai Atuh,"Pantai Atuh merupakan pantai kecil yang memiliki keunggulan tidak hanya dalam keindahannya pantai, tapi ada tebing-tebing yang sangat menantang dan indah.",10000,10000,Pantai,Klungkung,4.5,"Br. Pelilit, desa Pejukutan, Kecamatan Nusa Penida, Kabupaten. Klungkung, Bali",-8.77341,115.6218,https://storage.googleapis.com/gambara/Balimate/37.%20Pantai%20Atuh%20(1).jpg,https://www.google.com/maps/search/?api=1&query=Pantai+Atuh,
38,Pantai Blue Lagoon,"Blue Lagoon Beach merupakan salah satu wisata pantai yang eksotis di Karangasem, Bali. Pantai pasir putih dan pesona bawah laut yang menakjubkan yang menarik untuk dijelajahi saat liburan ke Pulau Dewata.",0,0,Pantai,Karangasem,3.5,"Padangbai, Kec. Manggis, Kabupaten Karangasem, Bali 80871",-8.5298,115.5133,https://storage.googleapis.com/gambara/Balimate/38.%20Pantai%20Blue%20Lagoon%20(1).jpg,https://www.google.com/maps/search/?api=1&query=Blue+Lagoon+Karangasem,
39,Pantai Canggu,"Keunikan Pantai Canggu adalah hamparan sawah di seberang pantai. Pantai Canggu memiliki ombak yang cukup tinggi sehingga, ini adalah salah satu tujuan bagi para peselancar lokal maupun asing yang ingin mencoba ombak ini. Pantai ini adalah satu garis dengan Batu Mejan Beach atau Echo Beach.",0,0,Pantai,Badung,4,"Desa Canggu, Kecamatan Kuta Utara, Kabupaten Badung",-8.66099,115.1321,https://storage.googleapis.com/gambara/Balimate/39.%20Pantai%20Canggu%20(1).jpg,https://www.google.com/maps/search/?api=1&query=Pantai+Canggu,
40,Pantai Crystal Bay,Pantai terkenal akan lautnya yang sebening kristal. Airnya sangat bening dan bersih sehingga apa yang ada di dalam terlihat dengan jelas. Kamu bisa mengintip ikan-ikan yang berenang atau bersembunyi di bunga karang.,10000,10000,Pantai,Klungkung,4,"Desa Sakti, Kec. Penida, Kabupaten Klungkung",-8.71516,115.4591,https://storage.googleapis.com/gambara/Balimate/40.%20Pantai%20Crystal%20Bay%20(1).jpg,https://www.google.com/maps/search/?api=1&query=Crystal+Bay+Nusa+Penida,
41,Pantai Diamond,"Diamond Beach memiliki kontur dasar laut  cukup curam, apabila ingin berenang lebih baik memilih tempat sekitar tepi pantai. Daya tarik Diamond Beach juga berasal dari gugusan birunya air laut serta pasir putih yang lembut.",10000,10000,Pantai,Klungkung,5,"Pejukutan, Kec. Nusa Penida, Kabupaten Klungkung, Bali",-8.77513,115.6202,https://storage.googleapis.com/gambara/Balimate/41.%20Pantai%20Diamond%20(1).jpg,https://www.google.com/maps/search/?api=1&query=Pantai+Diamond,
42,Pantai Double Six,Salah satu daya tarik Pantai Double Six yang menjadikan berbeda dengan pantai lainnya adalah adanya pemandangan berupa beberapa bean bag beraneka warna di pinggir pantai. Nama 'Double Six' merupakan nama sebuah diskotik atau klub malam yang tepat berada di seberang pantai. Diskotik tersebut bernama 'Double Six Club (66)'.,0,0,Pantai,Badung,4,"Legian, Jalan Double Six, Kelurahan Seminyak, Kecamatan Kuta, Badung",-8.69754,115.1621,https://storage.googleapis.com/gambara/Balimate/42.%20Pantai%20Double%20Six%20(1).jpg,https://www.google.com/maps/search/?api=1&query=Double+Six+Beach,
43,Pantai Dreamland,Keindahan pantai ini sering di jejerkan dengan Pantai Kuta sehingga banyak orang menyebut Pantai ini adalah The New Kuta Beach.Pantai ini terkenal berkat ombaknya yang besar dan sering menjadi tempat favorit turis lokal dan mancanegara untuk berselancar.,0,0,Pantai,Badung,4,"Jl. Raya Pecatu Bukit Jimbaran Bukit Peninsula, Kuta 80363 Indonesia",-8.79928,115.1177,https://storage.googleapis.com/gambara/Balimate/43.%20Pantai%20Dreamland%20(1).jpg,https://www.google.com/maps/search/?api=1&query=Pantai+Dreamland,
44,Pantai Kelingking,Objek wisata kelingking beach atau secret point merupakan pantai dengan pemandangan laut biru dengan tebing kapur. Nama secret point ini berawal dari kisah wisatawan yang ingin menikmati keindahan secret point namun hanya bisa melihat dari kejauhan.,5000,5000,Pantai,Klungkung,4.5,"Bunga Mekar, Kec. Nusa Penida, Kabupaten Klungkung, Bali",-8.75039,115.4726,https://storage.googleapis.com/gambara/Balimate/44.%20Pantai%20Kelingking%20(1).jpg,https://www.google.com/maps/search/?api=1&query=Pantai+Kelingking,
45,Pantai Kuta,"Pantai Kuta Bali, terletak di sebelah selatan pulau dewata, dengan pemandangan laut samudra Hindia.  Pantai pasir putih ini sangat tekenal dan menjadi andalan pulau Bali, sebagai tempat wisata pantai, sejak tahun 70-an. ",0,0,Pantai,Badung,3.5,"Kec. Kuta, Kabupaten Badung, Bali",-8.71849,115.1686,https://storage.googleapis.com/gambara/Balimate/45.%20Pantai%20Kuta%20(1).jpg,https://www.google.com/maps/search/?api=1&query=Kuta+Beach,
46,Pantai Melasti,Pantai Melasti merupakan pantai yang berada di balik tebing dapat menjadi lokasi terbaik untuk hunting foto dengan banyak pilihan spot menarik. Pemandangan laut dan perbukitan di sekitarnya akan membuat wisatawan betah untuk berlama-lama di pantai ini.,8000,8000,Pantai,Badung,4.5,"Jl. Melasti Ungasan, Ungasan, Kec. Kuta Sel., Kabupaten Badung, Bali 80361",-8.84774,115.1607,https://storage.googleapis.com/gambara/Balimate/46.%20Pantai%20Melasti%20(1).jpg,https://www.google.com/maps/search/?api=1&query=Pantai+Melasti+Ungasan,
47,Pantai Nusa Dua,Pantai Nusa Dua terkenal sebagai pantai terbersih diantara pantai lainnya. Wisata dengan pasir pantai yang berwarna putih bersih ini dijadikan sebagai destinasi wisata berkelas yang kerap dikunjungi oleh kalangan menengah ke atas.,0,0,Pantai,Badung,4,"Semenanjung Nusa Dua, Nusa Dua 80517 Indonesia",-8.79576,115.2328,https://storage.googleapis.com/gambara/Balimate/47.%20Pantai%20Nusa%20Dua%20(1).jpg,https://www.google.com/maps/search/?api=1&query=Pantai+Nusa+Dua,
48,Pantai Padang Padang,"Lokasi Pantai Padang Padang memang dikelilingi oleh batu karang yang kokoh, sehingga menambah kesan eksotis pada alamnya. Di samping itu, banyaknya batu karang besar membuat Pantai Padang Padang terlihat tersembunyi layaknyaprivate beach.",5000,5000,Pantai,Badung,4,"Pecatu, Kec. Kuta Sel., Kabupaten Badung, Bali",-8.81114,115.1038,https://storage.googleapis.com/gambara/Balimate/48.%20Pantai%20Padang%20Padang%20(1).jpg,https://www.google.com/maps/search/?api=1&query=Pantai+Padang+Padang,
49,Pantai Pandawa,"Panorama pantai sangat indah dan menawan. Dengan pasir putih bersih dengan air laut berwarna hijau kebiruan, pantai ini sangat cocok untuk mandi atau berenang ketika ombak pecah di tengah laut. ",8000,8000,Pantai,Badung,4,"Desa Kutuh, Kecamatan Kuta Selatan, Kabupaten Badung",-8.84528,115.1871,https://storage.googleapis.com/gambara/Balimate/49.%20Pantai%20Pandawa%20(1).jpg,https://www.google.com/maps/search/?api=1&query=Pantai+Pandawa,
50,Pantai Pasih Uug,"Broken Beach atau yang lebih dikenal sebagai Pasih Uug oleh warga lokal setempat, merupakan tebing karang setinggi 200 meter yang menjorok ke lautan. Tebing ini terkena abrasi air laut selama berabad-abad, sehingga lubang mirip gua raksasa terbentuk di bagian tengah secara alami.",0,0,Pantai,Klungkung,4.5,"Lembongan, Kec. Nusa Penida, Kabupaten Klungkung, Bali",-8.73279,115.4508,https://storage.googleapis.com/gambara/Balimate/50.%20Pantai%20Pasih%20Uug%20(1).jpg,https://www.google.com/maps/search/?api=1&query=Broken+Beach,
51,Pantai Pasir Putih,"Salah satu pantai terbaik di Bali timur dan sangat sering di sebutkan dalam buku panduan wisata perjalanan luar negeri. Pasir di pantai ini warnanya tidak benar-benar putih, lebih condong berwarna kuning, dan sedikit bercampur dengan pasir hitam, tapi di kenal dengan sebutan pantai pasir putih.",0,0,Pantai,Karangasem,4,"Sengkidu, Kec. Manggis, Kabupaten Karangasem, Bali 80813",-8.4982,115.6119,https://storage.googleapis.com/gambara/Balimate/51.%20Pantai%20Pasir%20Putih%20(1).jpg,https://www.google.com/maps/search/?api=1&query=Pasir+Putih+Karangasem,https://www.rentalmobilbali.net/harga-tiket-masuk-virgin-beach-karangasem/
52,Pura Puseh Batuan,"Keberadaanya memiliki daya tarik tersendiri bagi para wisatawan, terutama latar belakang atau sejarah berdirinya pura Puseh Batuan ini. Yang cukup menarik adalah pura Puseh batuan merupakan pura Puseh tertua di Bali, terletak di dusun Tengah, desa Batuan, Kec. Sukawati, Kab. Gianyar.",10000,10000,Religius,Gianyar,4,"Jl. Raya Batuan, Batuan, Kec. Sukawati, Kabupaten Gianyar, Bali 80582",-8.58187,115.276,https://storage.googleapis.com/gambara/Balimate/52.%20Pura%20Puseh%20Batuan%20(1).jpeg,https://www.google.com/maps/search/?api=1&query=Pura+Puseh+Batuan,https://atourin.com/destination/gianyar/pura-puseh-desa-batuan
53,Pantai Sanur,"Pantai Sanur merupakan destinasi andalan wisatawan. Dengan kebersihannya yang selalu terjaga, adanya fasilitas jalan setapa untuk jalan kaki dan bersepeda serta karena ombak lautnya yang tenang dan dangkal pantai ini menjadi jujukan untuk anak anak berenang.",0,0,Pantai,Denpasar,4,"Jalan Kusuma Sari No. 1, Sanur, Denpasar Selatan, Kota Denpasar Bali",-8.70718,115.2626,https://storage.googleapis.com/gambara/Balimate/53.%20Pantai%20Sanur%20(1).jpg,https://www.google.com/maps/search/?api=1&query=Pantai+Sanur,
54,Pantai Seminyak,"Tempat wisata unggulan di kawasan Seminyak adalah pesona alam pantai pasir putih yang terbentang indah dari Utara ke Selatan menghadap ke arah Barat, sehingga objek wisata pantai Seminyak Bali ini sangat ideal sekali untuk menyaksikan keindahan sunset.",0,0,Pantai,Badung,4.5,"Seminyak, Kec. Kuta, Kabupaten Badung, Bali",-8.69201,115.1579,https://storage.googleapis.com/gambara/Balimate/54.%20Pantai%20Seminyak%20(1).jpg,https://www.google.com/maps/search/?api=1&query=Pantai+Seminyak,
55,Pantai Waterblow,"Water Blow Nusa Dua memiliki semburan ombak yang sangat kuat karena berhadapan langsung dengan Samudera Hindia. Meski begitu, kondisi ombak tersebut berhasil menjadi daya tarik bagi wisatawan domestik maupun mancanegara.",0,0,Pantai,Badung,4,"Benoa, Kec. Kuta Sel., Kabupaten Badung, Bali 80363",-8.80386,115.2399,https://storage.googleapis.com/gambara/Balimate/55.%20Pantai%20Waterblow%20(1).jpg,https://www.google.com/maps/search/?api=1&query=Pantai+Waterblow,
56,Pasar Seni Tradisional Ubud,"Pasar Seni Ubud merupakan pasar tradisional yang menawarkan berbagai produk kesenian khas Bali. Di kawasan ini, wisatawan bisa memperoleh ragam kerajinan hingga benda seni yang berkualitas. Harga yang relatif murah menjadi nilai tambah tersendiri.",0,0,Belanja,Gianyar,3.5,"Jl. Raya and Monkey Forest Road, Ubud 80571 Indonesia",-8.50716,115.263,https://storage.googleapis.com/gambara/Balimate/56.%20Pasar%20Seni%20Tradisional%20Ubud%20(1).jpg,https://www.google.com/maps/search/?api=1&query=Pasar+Seni+Tradisional+Ubud,
57,Pura Besakih,"Letak Pura Besakih sengaja dipilih di desa yang dianggap Kompleks Pura Besakih dibangun berdasarkan keseimbangan alam dalam konsep Tri Hita Karana, dimana penataannya disesuaikan berdasarkan arah mata angin agar struktur bangunannya dapat mewakili alam sebagai simbolisme adanya keseimbangan tersebut suci karena letaknya yang tinggi, yang disebut Hulundang Basukih yang kemudian menjadi Desa Besakih. ",30000,30000,Religius,Karangasem,3.5,"Jl. Gunung Mas No.Ds, Besakih, Kec. Rendang, Kabupaten Karangasem, Bali 80863",-8.374,115.4526,https://storage.googleapis.com/gambara/Balimate/57.%20Pura%20Besakih%20(1).jpg,https://www.google.com/maps/search/?api=1&query=Pura+Agung+Besakih,
58,Pura Candi Tebing Gunung Kawi Sebatu,"Candi Gunung Kawi merupakan situs arkeologi berupa candi yang dipahatkan pada dinding batu di tebing Sungai Pakerisan, yang sangat indah dan asri.",30000,30000,Religius,Gianyar,4.5,"Br penaka, Tampaksiring, Kec. Tampaksiring, Kabupaten Gianyar, Bali 80552",-8.42307,115.3123,https://storage.googleapis.com/gambara/Balimate/58.%20Pura%20Candi%20Tebing%20Gunung%20Kawi%20Sebatu%20(1).jpg,https://www.google.com/maps/search/?api=1&query=Pura+Gunung+Kawi+Sebatu,
59,Pura Kehen,"Pura Kehen adalah pura hindu Bali yang juga disebut pura Hyang Api (dewa api) yang dalam bahasa Bali kehen berarti api, memiliki banyak keunikan. Selain letaknya yang strategis, pintu masuk candi tidak menggunakan Candi Bentar seperti candi Kahyangan Jagat pada umumnya.",10000,10000,Religius,Bangli,4.5,"Jl. Sriwijaya No.8, Cempaga, Kec. Bangli, Kabupaten Bangli, Bali 80613",-8.44188,115.3599,https://storage.googleapis.com/gambara/Balimate/59.%20Pura%20Kehen%20(1).jpg,https://www.google.com/maps/search/?api=1&query=Pura+Kehen+Cempaga,
60,Pura Lempuyang,"engan latar belakang panorama Gunung Agung yang memukau, disamping sebagai tempat suci, Pura Sad Kahyangan Lempuyang Luhur memiliki keunikan tersendiri seperti kemurnian alamnya, terutama kawasan hutan cocok menjadi paru-paru Pulau Dewata.",50000,50000,Religius,Karangasem,4,"Jl. Pura Telaga Mas Lempuyang, Tri Buana, Kec. Abang, Kabupaten Karangasem, Bali 80852",-8.39138,115.6307,https://storage.googleapis.com/gambara/Balimate/60.%20Pura%20Lempuyang%20(1).jpg,https://www.google.com/maps/search/?api=1&query=Pura+Penataran+Agung+Lempuyang,
61,Pura Luhur Batukaru,"Pura Luhur Batukaru adalah sebuah pura yang terletak di lereng Gunung Batukaru, Bali. Nama pura ini diambil dari nama Gunung Batukaru, tempat lokasinya berada. Pura ini merupakan salah satu pura Sad Kahyangan (tempat pemujaan seluruh umat Hindu). Destinasi wisata ini berada di ketinggian sekitar 833 mdpl. Dikelilingi hutan lebat, membuat lingkungan pura ini berhawa sejuk dan segar khas udara pegunungan.",15000,15000,Religius,Tabanan,4.5,"Jl. Penatahan - Wongayagede, Wongaya Gede, Kec. Penebel, Kabupaten Tabanan, Bali 85125",-8.37201,115.1026,https://storage.googleapis.com/gambara/Balimate/61.%20Pura%20Luhur%20Batukaru%20(1).jpg,https://www.google.com/maps/search/?api=1&query=Pura+Luhur+Batukaru,
62,Pura Saraswati,"Pura Saraswati merupakan pura yang didirikan untuk pemujaan Dewi ilmu Pengetahuan, Dewi Saraswati. Dibangun oleh I Gusti Nyoman Lempad, seniman terkenal Ubud,  pura ini berlokasi di Gianyar. Keunikan Pura Taman Saraswati di antara pura Bali lainnya adalah adanya kolam teratai. Teratai yang mekar di kolam yang mengelilinginya membuat objek wisata ini begitu megah. ",0,0,Religius,Gianyar,4,"Jl. Kajeng, Ubud, Kecamatan Ubud, Kabupaten Gianyar, Bali 80571",-8.50574,115.2616,https://storage.googleapis.com/gambara/Balimate/62.%20Pura%20Saraswati%20(1).jpg,https://www.google.com/maps/search/?api=1&query=Saraswati+Temple,
63,Pura Taman Ayun,Pura Taman Ayun di susun dengan konsep taman tradisional Bali yang dikelilingi sungai buatan dengan berbagai jenis tumbuhan langka khas Bali. Keindahan bentang alam ditambah dengan bangunan suci Meru tumpang SOLAS (bangunan beratap ijuk sebagai material sedangkan meru paling bergengsi berisi 11 tingkatan). Meru melambangkan stana yang diyakini sebagai tempat suci para Dewa.,15000,15000,Religius,Badung,4,"Jl. Ayodya No.10, Mengwi, Kec. Mengwi, Kabupaten Badung, Bali 80351",-8.54163,115.1726,https://storage.googleapis.com/gambara/Balimate/63.%20Pura%20Taman%20Ayun%20(1).jpg,https://www.google.com/maps/search/?api=1&query=Pura+Taman+Ayun,
64,Pura Tanah Lot,Tanah Lot salah satu pura penting bagi umat Hindu Bali dan lokasi pura terletak di atas batu besar yang berada di lepas pantai. Pura Tanah Lot merupakan ikon pariwisata pulau Bali.,15000,15000,Pantai,Tabanan,4,"Beraban, Kec. Kediri, Kabupaten Tabanan, Bali 82121",-8.62121,115.0868,https://storage.googleapis.com/gambara/Balimate/64.%20Pura%20Tanah%20Lot%20(1).jpg,https://www.google.com/maps/search/?api=1&query=Tanah+Lot+Temple,
65,Pura Tirta Empul,"Tirta Empul adalah nama sebuah pura Hindu yang terletak di desa Manukaya, kecamatan Tampak Siring, kabupaten Gianyar Bali. Keunikan arsitektur dan adanya mata air pada area dalam pura, membuat pura Tirta Empul menarik banyak kunjungan wisatawan. ",30000,30000,Religius,Gianyar,4.5,"Jl. Tirta, Manukaya, Kec. Tampaksiring, Kabupaten Gianyar, Bali 80552",-8.41566,115.3153,https://storage.googleapis.com/gambara/Balimate/65.%20Pura%20Tirta%20Empul%20(1).jpg,https://www.google.com/maps/search/?api=1&query=Pura+Tirta+Empul,
66,Pura Uluwatu,Pura yang terletak di ujung barat daya pulau Bali di atas anjungan batu karang yang terjal dan tinggi serta menjorok ke laut ini merupakan Pura Sad Kayangan yang dipercaya oleh orang Hindu sebagai penyangga dari 9 mata angin.,50000,50000,Religius,Badung,4,"Jl. Raya Uluwatu Southern part of Bali, Pecatu 80361 Indonesia",-8.82914,115.0849,https://storage.googleapis.com/gambara/Balimate/66.%20Pura%20Uluwatu%20(1).jpg,https://www.google.com/maps/search/?api=1&query=Pura+Uluwatu,
67,Pusat Kesenian Ukir Desa Mas,"Sebagai pusat pusat seni ukir patung kayu di pulau bali, sehingga tidak mengherankan di sepanjang jalan desa Mas Ubud terdapat banyak art-shop (toko seni) yang menjual berbagai hasil kerajinan seni ukir dan seni patung tersebut. sehingga desa Mas ini sudah begitu populer sebagai pengrajin seni patung khas Bali.",0,0,Belanja,Gianyar,4,"Desa Mas, Ubud, Kabupaten Gianyar, Bali.",-8.55199,115.2724,https://storage.googleapis.com/gambara/Balimate/67.%20Pusat%20Kesenian%20Ukir%20Desa%20Mas%20(1).jpg,https://www.google.com/maps/search/?api=1&query=Karya+Mas+Wood+Carver,
68,Watersport Tanjung Benoa Bali,"Tanjung Benoa, nama sebuah desa di kaki pulau Bali. Nama ini sudah tidak asing lagi di telinga para wisatawan yang hobi akan tantangan watersport. Berada di daerah Nusa Dua, Tanjung Benoa Bali merupakan tempat wisata air yang menyajikan beberapa permainan yang menguji nyali dan adrenalin.",0,0,Alam,Badung,3.5,"Jl. Segara Lor No.15, Tj. Benoa, Kec. Kuta Sel., Kabupaten Badung, Bali 80361",-8.75567,115.219,https://storage.googleapis.com/gambara/Balimate/68.%20Watersport%20Tanjung%20Benoa%20Bali%20(1).jpg,https://www.google.com/maps/search/?api=1&query=Watersport+Tanjung+Benoa+Club+Bali,
69,Tari Barong dan Keris,"Tari Barong adalah tarian khas Bali yang menggambarkan pertarungan antara kebajikan (dharma) dan kebatilan (adharma). Wujud kebajikan dilakonkan oleh Barong sementara wujud kebatilan dimainkan oleh Rangda, yaitu sosok yang menyeramkan dengan dua taring runcing di mulutnya. ",100000,100000,Budaya,Gianyar,3.5,"Jl. Raya Batubulan No.295X, Batubulan, Kec. Sukawati, Kabupaten Gianyar, Bali 80582",-8.60988,115.2533,https://storage.googleapis.com/gambara/Balimate/69.%20Tari%20Barong%20dan%20Keris%20(1).png,https://www.google.com/maps/search/?api=1&query=Tari+Barong+dan+Keris+Batubulan,
70,Kecak and Fire Dance,"Tari Kecak Bali Adalah Salah Satu Tarian Unik Dari Bali. Tari Kecak ini awalnya berasal dari sebuah ritual sanghyang, yaitu sebuah tradisi tarian yang penarinya akan berada pada kondisi tidak sadar, dan kemudian sang penari akan melakukan komunikasi dengan roh para leluhur.",150000,150000,Budaya,Badung,4,"Kawasan parkir Pura Uluwatu, Jl. Uluwatu, Pecatu, Kec. Kuta Sel., Kabupaten Badung, Bali 80361",-8.83057,115.0854,https://storage.googleapis.com/gambara/Balimate/70.%20Kecak%20and%20Fire%20Dance%20(1).jpg,https://www.google.com/maps/search/?api=1&query=Kecak+Uluwatu,
71,Teras Sawah Tegalalang,"Uniknya Tegallalang Rice Terrace di Bali ini, adalah masih menggunakan sistem irigasi tradisional bernama Subak. Tidak tanggung-tanggung, pada tahun 2012 Subak mendapatkan penghargaan dari United Nations Educational, Scientific and Cultural Organization (UNESCO). Yaitu sebagai warisan budaya dunia.",10000,10000,Agrowisata,Gianyar,4,"Jl. Raya Tegallalang, Tegallalang, Kec. Tegallalang, Kabupaten Gianyar, Bali 80561",-8.43171,115.2793,https://storage.googleapis.com/gambara/Balimate/71.%20Teras%20Sawah%20Tegalalang%20(1).jpg,https://www.google.com/maps/search/?api=1&query=Teras+Sawah+Tegalalang,
72,Tirta Gangga,"Ada tiga hal utama yang ada di taman Tirta Gangga Karangasem, kebun, kolam air dan patung. Lokasi dari taman Tirta Gangga Karangasem, berada di tengah areal persawahan dan air yang ada di taman ini berasal dari mata air Rejasa. Taman ini masih milik kerajaan Karangasem.",25000,25000,Religius,Karangasem,4.5,"Jalan Raya Abang Desa Adat, Ababi, Kec. Abang, Kabupaten Karangasem, Bali 80852",-8.41235,115.5873,https://storage.googleapis.com/gambara/Balimate/72.%20Tirta%20Gangga%20(1).jpg,https://www.google.com/maps/search/?api=1&query=Tirta+Gangga,
73,Waterbom Bali,"Waterbom merupakan sebuah oase di jantung kawasan wisata yang ramai dan merupakan taman air paling populer di Bali.Memiliki berbagai wahana seru juga ramah-anak, taman ini pasti akan dinikmati semua orang.",289000,289000,Rekreasi,Badung,4.5,"Jl. Kartika Plaza, Tuban, Kec. Kuta, Kabupaten Badung, Bali 80361",-8.72858,115.1693,https://storage.googleapis.com/gambara/Balimate/73.%20Waterbom%20Bali%20(1).jpg,https://www.google.com/maps/search/?api=1&query=Waterbom+Bali,
74,Alas Harum Agro Tourism,Alas Harum Bali merupakan destinasi wisata yang berlatarkan pemandangan alam terbuka nan hijau. Suasana di Alas Harum begitu nyaman dan tenang.,10000,10000,Agrowisata,Gianyar,4,"Jl. Raya Tegallalang, Tegallalang, Kec. Tegallalang, Kabupaten Gianyar, Bali 80561",-8.43989,115.2806,https://storage.googleapis.com/gambara/Balimate/74.%20Alas%20Harum%20Agro%20Tourism%20(1).jpg,https://www.google.com/maps/search/?api=1&query=Alas+Harum+Agro+Tourism,
75,Wisata Agro Teba Sari Bali,"Dalam kawasan Wisata Agro Teba Sari Bali, pengunjung yang datang dapat menikmati pemandangan perkebunan kopi, dan peternakan hewan luwak serta teknik pertanian modern sambil berekreasi dan menikmati makan siang di restoran. ",0,0,Agrowisata,Gianyar,4,"Jl. Tegal Utu, Lodtunduh, Kecamatan Ubud, Kabupaten Gianyar, Bali 80571",-8.5474,115.2574,https://storage.googleapis.com/gambara/Balimate/75.%20Wisata%20Agro%20Teba%20Sari%20Bali%20(1).jpg,https://www.google.com/maps/search/?api=1&query=Teba+Sari+Bali+Agrotourism+Lodtunduh,